{
  "source": "undefined",
  "revision": 1,
  "description": null,
  "createdBy": null,
  "createdOn": "0001-01-01T00:00:00",
  "modifiedBy": null,
  "modifiedOn": "0001-01-01T00:00:00",
  "isDeleted": false,
  "variables": {},
  "variableGroups": [645],
  "environments": [
    {
      "id": 0,
      "name": "Test",
      "variables": {},
      "variableGroups": [646],
      "rank": 1,
	    "preDeployApprovals": {
        "approvals": [
          {
            "rank": 1,
            "isAutomated": true,
            "isNotificationOn": false,
            "id": 0
          }
        ],
        "approvalOptions": {
          "requiredApproverCount": null,
          "releaseCreatorCanBeApprover": false,
          "autoTriggeredAndPreviousEnvironmentApprovedCanBeSkipped": false,
          "enforceIdentityRevalidation": false,
          "timeoutInMinutes": 0,
          "executionOrder": "beforeGates"
        }
      },
      "postDeployApprovals": {
        "approvals": [
          {
            "rank": 1,
            "isAutomated": true,
            "isNotificationOn": false,
            "id": 0
          }
        ]
      },
      "deployPhases": [
        {
          "deploymentInput": {
            "parallelExecution": {
              "parallelExecutionType": "none"
            },
            "skipArtifactsDownload": false,
            "artifactsDownloadInput": {
              "downloadInputs": [
                {
                  "alias": "drop-TestCli(develop)",
                  "artifactType": "Build",
                  "artifactDownloadMode": "All",
                  "artifactItems": []
                },
                {
                  "alias": "drop-TestCli(master)",
                  "artifactType": "Build",
                  "artifactDownloadMode": "Skip",
                  "artifactItems": []
                }
              ]
            },
            "queueId": 2665,
            "demands": [],
            "enableAccessToken": false,
            "timeoutInMinutes": 0,
            "jobCancelTimeoutInMinutes": 1,
            "condition": "succeeded()",
            "overrideInputs": {}
          },
          "rank": 1,
          "phaseType": "machineGroupBasedDeployment",
          "name": "IIS Deployment WEB01-02",
          "workflowTasks": [
            {
              "environment": {},
              "taskId": "bf45ade5-f852-4616-ab15-39845c590749",
              "version": "1.*",
              "name": "Task group: Deploy solution to Host Environment",
              "refName": "",
              "enabled": true,
              "alwaysRun": true,
              "continueOnError": true,
              "timeoutInMinutes": 0,
              "definitionType": "metaTask",
              "overrideInputs": {},
              "condition": "succeededOrFailed()"
            }
          ]
        }
      ],
      "environmentOptions": {
        "emailNotificationType": "OnlyOnFailure",
        "emailRecipients": "release.environment.owner;release.creator",
        "skipArtifactsDownload": false,
        "timeoutInMinutes": 0,
        "enableAccessToken": false,
        "publishDeploymentStatus": false,
        "badgeEnabled": false,
        "autoLinkWorkItems": false,
        "pullRequestDeploymentEnabled": false
      },
      "demands": [],
      "conditions": [],
      "executionPolicy": {
        "concurrencyCount": 0,
        "queueDepthCount": 0
      },
      "schedules": [],
      "retentionPolicy": {
        "daysToKeep": 2,
        "releasesToKeep": 1,
        "retainBuild": true
      },
      "properties": {},
      "preDeploymentGates": {
        "id": 0,
        "gatesOptions": null,
        "gates": []
      },
      "postDeploymentGates": {
        "id": 0,
        "gatesOptions": null,
        "gates": []
      },
      "environmentTriggers": []
    },
    {
      "id": 0,
      "name": "Staging",
      "variables": {},
      "variableGroups": [647],
      "rank": 2,
	    "preDeployApprovals": {
        "approvals": [
          {
            "rank": 1,
            "isAutomated": false,
            "isNotificationOn": false,
            "id": 0,
            "approver": {
              "displayName": "[incommunities]\\Build Masters",
              "url": "https://spsprodweu4.vssps.visualstudio.com/A8c09a205-4de6-4eb6-b012-576ea0189d43/_apis/Identities/b18ff639-15d1-47c5-b465-02185c17c8bf",
              "_links": {
                "avatar": {
                  "href": "https://dev.azure.com/incommunities/_apis/GraphProfile/MemberAvatars/vssgp.Uy0xLTktMTU1MTM3NDI0NS00Nzk1NjYzNzEtMzcyNTgwNTY0MS0yNzAzMzcwMTg4LTM5NjMyNTE3MS0xLTMwMDgzODQyNjgtMTczMTkxOTE3NS0yMzc1OTYyMDA4LTIzODYzOTY0MDI"
                }
              },
              "id": "b18ff639-15d1-47c5-b465-02185c17c8bf",
              "uniqueName": "vstfs:///Framework/IdentityDomain/239a951c-13de-4948-a122-27cc179f7133\\Build Masters",
              "imageUrl": "https://dev.azure.com/incommunities/_apis/GraphProfile/MemberAvatars/vssgp.Uy0xLTktMTU1MTM3NDI0NS00Nzk1NjYzNzEtMzcyNTgwNTY0MS0yNzAzMzcwMTg4LTM5NjMyNTE3MS0xLTMwMDgzODQyNjgtMTczMTkxOTE3NS0yMzc1OTYyMDA4LTIzODYzOTY0MDI",
              "isContainer": true,
              "descriptor": "vssgp.Uy0xLTktMTU1MTM3NDI0NS00Nzk1NjYzNzEtMzcyNTgwNTY0MS0yNzAzMzcwMTg4LTM5NjMyNTE3MS0xLTMwMDgzODQyNjgtMTczMTkxOTE3NS0yMzc1OTYyMDA4LTIzODYzOTY0MDI"
            }
          }
        ],
        "approvalOptions": {
          "requiredApproverCount": null,
          "releaseCreatorCanBeApprover": true,
          "autoTriggeredAndPreviousEnvironmentApprovedCanBeSkipped": false,
          "enforceIdentityRevalidation": false,
          "timeoutInMinutes": 30,
          "executionOrder": "beforeGates"
        }
      },
      "postDeployApprovals": {
        "approvals": [
          {
            "rank": 1,
            "isAutomated": true,
            "isNotificationOn": false,
            "id": 0
          }
        ]
      },
      "deployPhases": [
        {
          "deploymentInput": {
            "parallelExecution": {
              "parallelExecutionType": "none"
            },
            "skipArtifactsDownload": false,
            "artifactsDownloadInput": {
              "downloadInputs": [
                {
                  "alias": "drop-TestCli(develop)",
                  "artifactType": "Build",
                  "artifactDownloadMode": "All",
                  "artifactItems": []
                },
                {
                  "alias": "drop-TestCli(master)",
                  "artifactType": "Build",
                  "artifactDownloadMode": "Skip",
                  "artifactItems": []
                }
              ]
            },
            "queueId": 2665,
            "demands": [],
            "enableAccessToken": false,
            "timeoutInMinutes": 0,
            "jobCancelTimeoutInMinutes": 1,
            "condition": "succeeded()",
            "overrideInputs": {}
          },
          "rank": 1,
          "phaseType": "machineGroupBasedDeployment",
          "name": "IIS Deployment WEB01-02",
          "workflowTasks": [
            {
              "environment": {},
              "taskId": "bf45ade5-f852-4616-ab15-39845c590749",
              "version": "1.*",
              "name": "Task group: Deploy solution to Host Environment",
              "refName": "",
              "enabled": true,
              "alwaysRun": true,
              "continueOnError": true,
              "timeoutInMinutes": 0,
              "definitionType": "metaTask",
              "overrideInputs": {},
              "condition": "succeededOrFailed()"
            }
          ]
        }
      ],
      "environmentOptions": {
        "emailNotificationType": "OnlyOnFailure",
        "emailRecipients": "release.environment.owner;release.creator",
        "skipArtifactsDownload": false,
        "timeoutInMinutes": 0,
        "enableAccessToken": false,
        "publishDeploymentStatus": false,
        "badgeEnabled": false,
        "autoLinkWorkItems": false,
        "pullRequestDeploymentEnabled": false
      },
      "demands": [],
      "conditions": [],
      "executionPolicy": {
        "concurrencyCount": 0,
        "queueDepthCount": 0
      },
      "schedules": [],
      "retentionPolicy": {
        "daysToKeep": 2,
        "releasesToKeep": 1,
        "retainBuild": true
      },
      "properties": {},
      "preDeploymentGates": {
        "id": 0,
        "gatesOptions": null,
        "gates": []
      },
      "postDeploymentGates": {
        "id": 0,
        "gatesOptions": null,
        "gates": []
      },
      "environmentTriggers": []
    },
    {
      "id": 0,
      "name": "Production",
      "variables": {},
      "variableGroups": [648],
      "rank": 3,
	    "preDeployApprovals": {
        "approvals": [
          {
            "rank": 1,
            "isAutomated": false,
            "isNotificationOn": false,
            "id": 0,
            "approver": {
              "displayName": "[incommunities]\\Build Masters",
              "url": "https://spsprodweu4.vssps.visualstudio.com/A8c09a205-4de6-4eb6-b012-576ea0189d43/_apis/Identities/b18ff639-15d1-47c5-b465-02185c17c8bf",
              "_links": {
                "avatar": {
                  "href": "https://dev.azure.com/incommunities/_apis/GraphProfile/MemberAvatars/vssgp.Uy0xLTktMTU1MTM3NDI0NS00Nzk1NjYzNzEtMzcyNTgwNTY0MS0yNzAzMzcwMTg4LTM5NjMyNTE3MS0xLTMwMDgzODQyNjgtMTczMTkxOTE3NS0yMzc1OTYyMDA4LTIzODYzOTY0MDI"
                }
              },
              "id": "b18ff639-15d1-47c5-b465-02185c17c8bf",
              "uniqueName": "vstfs:///Framework/IdentityDomain/239a951c-13de-4948-a122-27cc179f7133\\Build Masters",
              "imageUrl": "https://dev.azure.com/incommunities/_apis/GraphProfile/MemberAvatars/vssgp.Uy0xLTktMTU1MTM3NDI0NS00Nzk1NjYzNzEtMzcyNTgwNTY0MS0yNzAzMzcwMTg4LTM5NjMyNTE3MS0xLTMwMDgzODQyNjgtMTczMTkxOTE3NS0yMzc1OTYyMDA4LTIzODYzOTY0MDI",
              "isContainer": true,
              "descriptor": "vssgp.Uy0xLTktMTU1MTM3NDI0NS00Nzk1NjYzNzEtMzcyNTgwNTY0MS0yNzAzMzcwMTg4LTM5NjMyNTE3MS0xLTMwMDgzODQyNjgtMTczMTkxOTE3NS0yMzc1OTYyMDA4LTIzODYzOTY0MDI"
            }
          }
        ],
        "approvalOptions": {
          "requiredApproverCount": null,
          "releaseCreatorCanBeApprover": true,
          "autoTriggeredAndPreviousEnvironmentApprovedCanBeSkipped": false,
          "enforceIdentityRevalidation": false,
          "timeoutInMinutes": 30,
          "executionOrder": "beforeGates"
        }
      },
      "postDeployApprovals": {
        "approvals": [
          {
            "rank": 1,
            "isAutomated": true,
            "isNotificationOn": false,
            "id": 0
          }
        ]
      },
      "deployPhases": [
        {
          "deploymentInput": {
            "parallelExecution": {
              "parallelExecutionType": "none"
            },
            "skipArtifactsDownload": false,
            "artifactsDownloadInput": {
              "downloadInputs": [
                {
                  "alias": "drop-TestCli(develop)",
                  "artifactType": "Build",
                  "artifactDownloadMode": "Skip",
                  "artifactItems": []
                },
                {
                  "alias": "drop-TestCli(master)",
                  "artifactType": "Build",
                  "artifactDownloadMode": "All",
                  "artifactItems": []
                }
              ]
            },
            "queueId": 2666,
            "demands": [],
            "enableAccessToken": false,
            "timeoutInMinutes": 0,
            "jobCancelTimeoutInMinutes": 1,
            "condition": "succeeded()",
            "overrideInputs": {}
          },
          "rank": 1,
          "phaseType": "machineGroupBasedDeployment",
          "name": "IIS Deployment WEB01-05",
          "workflowTasks": [
            {
              "environment": {},
              "taskId": "bf45ade5-f852-4616-ab15-39845c590749",
              "version": "1.*",
              "name": "Task group: Deploy solution to Host Environment",
              "refName": "",
              "enabled": true,
              "alwaysRun": true,
              "continueOnError": true,
              "timeoutInMinutes": 0,
              "definitionType": "metaTask",
              "overrideInputs": {},
              "condition": "succeededOrFailed()"
            }
          ]
        }
      ],
      "environmentOptions": {
        "emailNotificationType": "OnlyOnFailure",
        "emailRecipients": "release.environment.owner;release.creator",
        "skipArtifactsDownload": false,
        "timeoutInMinutes": 0,
        "enableAccessToken": false,
        "publishDeploymentStatus": false,
        "badgeEnabled": false,
        "autoLinkWorkItems": false,
        "pullRequestDeploymentEnabled": false
      },
      "demands": [],
      "conditions": [],
      "executionPolicy": {
        "concurrencyCount": 0,
        "queueDepthCount": 0
      },
      "schedules": [],
      "retentionPolicy": {
        "daysToKeep": 30,
        "releasesToKeep": 1,
        "retainBuild": true
      },
      "properties": {},
      "preDeploymentGates": {
        "id": 0,
        "gatesOptions": null,
        "gates": []
      },
      "postDeploymentGates": {
        "id": 0,
        "gatesOptions": null,
        "gates": []
      },
      "environmentTriggers": []
    }
  ],
  "artifacts": [
    {
      "sourceId": "022c980c-6892-41f0-9555-d4be2a4f62e8:353",
      "type": "Build",
      "alias": "drop-TestCli(develop)",
      "definitionReference": {
        "defaultVersionBranch": {
          "id": "develop",
          "name": "develop"
        },
        "defaultVersionType": {
          "id": "latestWithBranchAndTagsType",
          "name": "Latest from a specific branch with tags"
        },
        "project": {
          "id": "022c980c-6892-41f0-9555-d4be2a4f62e8",
          "name": "TestCli"
        },
        "artifactSourceDefinitionUrl": {
          "id": "https://dev.azure.com/incommunities/_permalink/_build/index?collectionId=239a951c-13de-4948-a122-27cc179f7133&projectId=022c980c-6892-41f0-9555-d4be2a4f62e8&definitionId=353",
          "name": ""
        },
        "IsMultiDefinitionType": {
          "id": "False",
          "name": "False"
        },
        "definition": {
          "id": "353",
          "name": "TestCli"
        },
        "definitions": {
          "id": "",
          "name": ""
        },
        "defaultVersionSpecific": {
          "id": "",
          "name": ""
        },
        "defaultVersionTags": {
          "id": "",
          "name": ""
        }
      },
      "isPrimary": true,
      "isRetained": false
    },
    {
      "sourceId": "022c980c-6892-41f0-9555-d4be2a4f62e8:353",
      "type": "Build",
      "alias": "drop-TestCli(master)",
      "definitionReference": {
        "defaultVersionBranch": {
          "id": "master",
          "name": "master"
        },
        "defaultVersionType": {
          "id": "latestWithBranchAndTagsType",
          "name": "Latest from a specific branch with tags"
        },
        "project": {
          "id": "022c980c-6892-41f0-9555-d4be2a4f62e8",
          "name": "TestCli"
        },
        "artifactSourceDefinitionUrl": {
          "id": "https://dev.azure.com/incommunities/_permalink/_build/index?collectionId=239a951c-13de-4948-a122-27cc179f7133&projectId=022c980c-6892-41f0-9555-d4be2a4f62e8&definitionId=353",
          "name": ""
        },
        "IsMultiDefinitionType": {
          "id": "False",
          "name": "False"
        },
        "definition": {
          "id": "353",
          "name": "TestCli"
        },
        "definitions": {
          "id": "",
          "name": ""
        },
        "defaultVersionSpecific": {
          "id": "",
          "name": ""
        },
        "defaultVersionTags": {
          "id": "",
          "name": ""
        }
      },
      "isPrimary": false,
      "isRetained": false
    }
  ],
  "triggers": [
    {
      "artifactAlias": "drop-TestCli(develop)",
      "triggerConditions": [
        {
          "sourceBranch": "develop",
          "tags": [],
          "tagFilter": null,
          "useBuildDefinitionBranch": false,
          "createReleaseOnBuildTagging": false
        }
      ],
      "triggerType": "artifactSource"
    },
    {
      "artifactAlias": "drop-TestCli(master)",
      "triggerConditions": [
        {
          "sourceBranch": "master",
          "tags": [],
          "tagFilter": null,
          "useBuildDefinitionBranch": false,
          "createReleaseOnBuildTagging": false
        }
      ],
      "triggerType": "artifactSource"
    }
  ],
  "releaseNameFormat": "Release-$(rev:r)",
  "tags": [],
  "properties": {},
  "id": 0,
  "name": "TestCli",
  "projectReference": null,
  "_links": {}
}