{"tasks":[{"environment":{},"displayName":"Stop Application Pool ","alwaysRun":false,"continueOnError":true,"condition":"succeeded()","enabled":true,"timeoutInMinutes":0,"inputs":{"machinesList":"","AdminUserName":"","AdminPassword":"","ApppoolName":"$(Hostname)","stopstart":"STOP"},"task":{"id":"d1776ee2-1edf-46de-bdf2-3cba0cbf35e5","versionSpec":"7.*","definitionType":"task"}},{"environment":{},"displayName":"IIS Web App Manage","alwaysRun":false,"continueOnError":false,"condition":"succeeded()","enabled":true,"timeoutInMinutes":0,"inputs":{"EnableIIS":"false","IISDeploymentType":"IISWebsite","ActionIISWebsite":"CreateOrUpdateWebsite","ActionIISApplicationPool":"CreateOrUpdateAppPool","StartStopWebsiteName":"","WebsiteName":"$(Hostname)","WebsitePhysicalPath":"$(Deployment.Path)","WebsitePhysicalPathAuth":"WebsiteUserPassThrough","WebsiteAuthUserName":"","WebsiteAuthUserPassword":"","AddBinding":"false","Protocol":"http","IPAddress":"All Unassigned","Port":"80","ServerNameIndication":"false","HostNameWithOutSNI":"","HostNameWithHttp":"","HostNameWithSNI":"","SSLCertThumbPrint":"","Bindings":"","CreateOrUpdateAppPoolForWebsite":"true","ConfigureAuthenticationForWebsite":"false","AppPoolNameForWebsite":"$(Hostname)","DotNetVersionForWebsite":"No Managed Code","PipeLineModeForWebsite":"Integrated","AppPoolIdentityForWebsite":"SpecificUser","AppPoolUsernameForWebsite":"$(Apppool.Username)","AppPoolPasswordForWebsite":"$(Apppool.Password)","AnonymousAuthenticationForWebsite":"false","BasicAuthenticationForWebsite":"false","WindowsAuthenticationForWebsite":"true","ParentWebsiteNameForVD":"","VirtualPathForVD":"","PhysicalPathForVD":"%SystemDrive%\\inetpub\\wwwroot","VDPhysicalPathAuth":"VDUserPassThrough","VDAuthUserName":"","VDAuthUserPassword":"","ParentWebsiteNameForApplication":"","VirtualPathForApplication":"","PhysicalPathForApplication":"%SystemDrive%\\inetpub\\wwwroot","ApplicationPhysicalPathAuth":"ApplicationUserPassThrough","ApplicationAuthUserName":"","ApplicationAuthUserPassword":"","CreateOrUpdateAppPoolForApplication":"false","AppPoolNameForApplication":"","DotNetVersionForApplication":"v4.0","PipeLineModeForApplication":"Integrated","AppPoolIdentityForApplication":"ApplicationPoolIdentity","AppPoolUsernameForApplication":"","AppPoolPasswordForApplication":"","AppPoolName":"","DotNetVersion":"v4.0","PipeLineMode":"Integrated","AppPoolIdentity":"ApplicationPoolIdentity","AppPoolUsername":"","AppPoolPassword":"","StartStopRecycleAppPoolName":"","AppCmdCommands":""},"task":{"id":"1b2aec60-dc49-11e6-9b76-63056e018cac","versionSpec":"0.*","definitionType":"task"}},{"environment":{},"displayName":"IIS Web App Deploy","alwaysRun":false,"continueOnError":false,"condition":"succeeded()","enabled":true,"timeoutInMinutes":0,"inputs":{"WebSiteName":"$(Hostname)","VirtualApplication":"","Package":"$(System.DefaultWorkingDirectory)\\**\\$(Release.EnvironmentName)*.zip","SetParametersFile":"","RemoveAdditionalFilesFlag":"true","ExcludeFilesFromAppDataFlag":"false","TakeAppOfflineFlag":"true","AdditionalArguments":"","XmlTransformation":"false","XmlVariableSubstitution":"false","JSONFiles":""},"task":{"id":"1b467810-6725-4b6d-accd-886174c09bba","versionSpec":"0.*","definitionType":"task"}},{"environment":{},"displayName":"Configure IIS Settings (if SVR01)","alwaysRun":false,"continueOnError":false,"condition":"eq(variables['Agent.MachineName'], variables['Machine.Name01'])","enabled":true,"timeoutInMinutes":0,"inputs":{"targetType":"filePath","filePath":"$(DS.IIS_Settings.Path)","arguments":"-hostname $(Hostname) -bindingIpAddress $(SVR01.BindingIpAddress)","script":"# Write your PowerShell commands here.\n\nWrite-Host \"Hello World\"\n","errorActionPreference":"stop","failOnStderr":"false","showWarnings":"false","ignoreLASTEXITCODE":"false","pwsh":"false","workingDirectory":""},"task":{"id":"e213ff0f-5d5c-4791-802d-52ea3e7be1f1","versionSpec":"2.*","definitionType":"task"}},{"environment":{},"displayName":"Configure IIS Settings (if SVR02)","alwaysRun":false,"continueOnError":false,"condition":"eq(variables['Agent.MachineName'], variables['Machine.Name02'])","enabled":true,"timeoutInMinutes":0,"inputs":{"targetType":"filePath","filePath":"$(DS.IIS_Settings.Path)","arguments":"-hostname $(Hostname) -bindingIpAddress $(SVR02.BindingIpAddress)","script":"# Write your PowerShell commands here.\n\nWrite-Host \"Hello World\"\n","errorActionPreference":"stop","failOnStderr":"false","showWarnings":"false","ignoreLASTEXITCODE":"false","pwsh":"false","workingDirectory":""},"task":{"id":"e213ff0f-5d5c-4791-802d-52ea3e7be1f1","versionSpec":"2.*","definitionType":"task"}},{"environment":{},"displayName":"Configure IIS Settings (if SVR03)","alwaysRun":false,"continueOnError":false,"condition":"and(eq(variables['Agent.MachineName'], variables['Machine.Name03']), eq(variables['ASPNETCORE_ENVIRONMENT'], 'Production'))","enabled":true,"timeoutInMinutes":0,"inputs":{"targetType":"filePath","filePath":"$(DS.IIS_Settings.Path)","arguments":"-hostname $(Hostname) -bindingIpAddress $(SVR03.BindingIpAddress)","script":"# Write your PowerShell commands here.\n\nWrite-Host \"Hello World\"\n","errorActionPreference":"stop","failOnStderr":"false","showWarnings":"false","ignoreLASTEXITCODE":"false","pwsh":"false","workingDirectory":""},"task":{"id":"e213ff0f-5d5c-4791-802d-52ea3e7be1f1","versionSpec":"2.*","definitionType":"task"}},{"environment":{},"displayName":"Configure IIS Settings (if SVR04)","alwaysRun":false,"continueOnError":false,"condition":"and(eq(variables['Agent.MachineName'], variables['Machine.Name04']), eq(variables['ASPNETCORE_ENVIRONMENT'], 'Production'))","enabled":true,"timeoutInMinutes":0,"inputs":{"targetType":"filePath","filePath":"$(DS.IIS_Settings.Path)","arguments":"-hostname $(Hostname) -bindingIpAddress $(SVR04.BindingIpAddress)","script":"# Write your PowerShell commands here.\n\nWrite-Host \"Hello World\"\n","errorActionPreference":"stop","failOnStderr":"false","showWarnings":"false","ignoreLASTEXITCODE":"false","pwsh":"false","workingDirectory":""},"task":{"id":"e213ff0f-5d5c-4791-802d-52ea3e7be1f1","versionSpec":"2.*","definitionType":"task"}},{"environment":{},"displayName":"Configure IIS Settings (if SVR05)","alwaysRun":false,"continueOnError":false,"condition":"and(eq(variables['Agent.MachineName'], variables['Machine.Name05']), eq(variables['ASPNETCORE_ENVIRONMENT'], 'Production'))","enabled":true,"timeoutInMinutes":0,"inputs":{"targetType":"filePath","filePath":"$(DS.IIS_Settings.Path)","arguments":"-hostname $(Hostname) -bindingIpAddress $(SVR05.BindingIpAddress)","script":"# Write your PowerShell commands here.\n\nWrite-Host \"Hello World\"\n","errorActionPreference":"stop","failOnStderr":"false","showWarnings":"false","ignoreLASTEXITCODE":"false","pwsh":"false","workingDirectory":""},"task":{"id":"e213ff0f-5d5c-4791-802d-52ea3e7be1f1","versionSpec":"2.*","definitionType":"task"}},{"environment":{},"displayName":"Start Application Pool ","alwaysRun":false,"continueOnError":false,"condition":"succeeded()","enabled":true,"timeoutInMinutes":0,"inputs":{"machinesList":"","AdminUserName":"","AdminPassword":"","ApppoolName":"$(Hostname)","stopstart":"START"},"task":{"id":"d1776ee2-1edf-46de-bdf2-3cba0cbf35e5","versionSpec":"7.*","definitionType":"task"}}],"runsOn":["Agent","DeploymentGroup"],"revision":2,"createdBy":{"displayName":"Richard Danvers","id":"5eb7160f-ca0e-6f34-82b4-bf26c37e1ae3","uniqueName":"richard.danvers@incommunities.co.uk"},"createdOn":"2021-04-20T13:20:20.397Z","modifiedBy":{"displayName":"Richard Danvers","id":"5eb7160f-ca0e-6f34-82b4-bf26c37e1ae3","uniqueName":"richard.danvers@incommunities.co.uk"},"modifiedOn":"2021-04-20T13:59:08.283Z","comment":"","id":"60a5cb2f-6061-4e91-b5b0-a3f0f641e70b","name":"Deploy Vue solution to Host Environment","version":{"major":1,"minor":0,"patch":0,"isTest":false},"iconUrl":"https://cdn.vsassets.io/v/M161_20191205.22/_content/icon-meta-task.png","friendlyName":"Deploy Vue solution to Host Environment","description":"","category":"Deploy","definitionType":"metaTask","author":"Big Dick Dicky D Diddly D Dog Danvers (Go Broncos)","demands":[],"groups":[],"inputs":[{"aliases":[],"options":{},"properties":{},"name":"Apppool.Password","label":"Apppool.Password","defaultValue":"$(Apppool.Password)","required":true,"type":"string","helpMarkDown":"Provide the password for custom account. <br/>The best practice is to create a variable in the build or release pipeline, and mark it as 'Secret' to secure it, and then use it here, like '$(userCredentials)'. <br> Note: Special characters in password are interpreted as per <a href=\"https://go.microsoft.com/fwlink/?linkid=843470\">command-line arguments</a>","groupName":""},{"aliases":[],"options":{},"properties":{},"name":"Apppool.Username","label":"Apppool.Username","defaultValue":"$(Apppool.Username)","required":true,"type":"string","helpMarkDown":"Provide the username of the custom account that you want to use.","groupName":""},{"aliases":[],"options":{},"properties":{},"name":"Deployment.Path","label":"Deployment.Path","defaultValue":"$(Deployment.Path)","required":true,"type":"string","helpMarkDown":"Provide the physical path where the solution content will be stored. The content can reside on the local Computer, or in a remote directory, or on a network share, like C:\\Fabrikam or \\\\\\\\ContentShare\\Fabrikam.","groupName":""},{"aliases":[],"options":{},"properties":{},"name":"DS.IIS_Settings.Path","label":"DS.IIS_Settings.Path","defaultValue":"$(DS.IIS_Settings.Path)","required":true,"type":"filePath","helpMarkDown":"Path of the script to execute. Must be a fully qualified path or relative to $(System.DefaultWorkingDirectory).","groupName":""},{"aliases":[],"options":{},"properties":{},"name":"Hostname","label":"Hostname","defaultValue":"$(Hostname)","required":true,"type":"string","helpMarkDown":"","groupName":""},{"aliases":[],"options":{},"properties":{},"name":"SVR01.BindingIpAddress","label":"SVR01.BindingIpAddress","defaultValue":"$(SVR01.BindingIpAddress)","required":true,"type":"string","helpMarkDown":"","groupName":""},{"aliases":[],"options":{},"properties":{},"name":"SVR02.BindingIpAddress","label":"SVR02.BindingIpAddress","defaultValue":"$(SVR02.BindingIpAddress)","required":true,"type":"string","helpMarkDown":"","groupName":""},{"aliases":[],"options":{},"properties":{},"name":"SVR03.BindingIpAddress","label":"SVR03.BindingIpAddress","defaultValue":"$(SVR03.BindingIpAddress)","required":true,"type":"string","helpMarkDown":"","groupName":""},{"aliases":[],"options":{},"properties":{},"name":"SVR04.BindingIpAddress","label":"SVR04.BindingIpAddress","defaultValue":"$(SVR04.BindingIpAddress)","required":true,"type":"string","helpMarkDown":"","groupName":""},{"aliases":[],"options":{},"properties":{},"name":"SVR05.BindingIpAddress","label":"SVR05.BindingIpAddress","defaultValue":"$(SVR05.BindingIpAddress)","required":true,"type":"string","helpMarkDown":"","groupName":""}],"satisfies":[],"sourceDefinitions":[],"dataSourceBindings":[],"instanceNameFormat":"Task group: Deploy Vue solution to Host Environment $(Apppool.Password)","preJobExecution":{},"execution":{},"postJobExecution":{}}